{
  "total_requests": 43,
  "failed_requests": 957,
  "success_rate": -21.25581395348837,
  "throughput_req_per_sec": 0.4461158595879174,
  "avg_latency_sec": 44.64436010981715,
  "p50_latency_sec": 41.47239804267883,
  "p99_latency_sec": 96.06821990013123,
  "timestamp": "2026-05-03T16:44:32.273292"
}