{
  "total_requests": 98,
  "failed_requests": 2,
  "success_rate": 0.9795918367346939,
  "throughput_req_per_sec": 0.6464742928046198,
  "avg_latency_sec": 78.28124553816659,
  "p50_latency_sec": 83.57531189918518,
  "p99_latency_sec": 150.6352550983429,
  "timestamp": "2026-05-05T17:49:54.563231"
}