{
  "total_requests": 1000,
  "failed_requests": 0,
  "success_rate": 1.0,
  "throughput_req_per_sec": 6.90548380075011,
  "avg_latency_sec": 13.931045921802522,
  "p50_latency_sec": 3.371795892715454,
  "p99_latency_sec": 115.46311521530151,
  "timestamp": "2026-05-09T21:29:29.655372"
}