{
  "total_requests": 32,
  "failed_requests": 968,
  "success_rate": -29.25,
  "throughput_req_per_sec": 32.14901066442963,
  "avg_latency_sec": 0.4332657605409622,
  "p50_latency_sec": 0.4495117664337158,
  "p99_latency_sec": 0.6235368251800537,
  "timestamp": "2026-05-03T14:49:10.977140"
}