{
  "total_requests": 1000,
  "failed_requests": 0,
  "success_rate": 1.0,
  "throughput_req_per_sec": 7.281392553510608,
  "avg_latency_sec": 35.661572714567185,
  "p50_latency_sec": 6.44297981262207,
  "p99_latency_sec": 127.56578516960144,
  "timestamp": "2026-04-30T20:13:58.354067"
}