{
  "total_requests": 1100,
  "failed_requests": 0,
  "success_rate": 1.0,
  "throughput_req_per_sec": 10.575316747320601,
  "avg_latency_sec": 14.435445008494638,
  "p50_latency_sec": 14.64626407623291,
  "p99_latency_sec": 39.49631094932556,
  "timestamp": "2026-05-06T18:00:49.968489"
}